<application>
  <component name="DaemonCodeAnalyzerSettings">
    <option name="AUTOREPARSE_DELAY" value="0" />
  </component>
  <component name="EditorSettings">
    <option name="USE_SOFT_WRAPS" value="MAIN_EDITOR" />
    <option name="SOFT_WRAP_FILE_MASKS" value="*.md; *.txt; *.rst; *.adoc; *.*" />
    <option name="IS_WHEEL_FONTCHANGE_ENABLED" value="true" />
  </component>
  <component name="InlineCompletionOnboarding">
    <option name="onboardingFinished" value="true" />
  </component>
  <component name="TodoConfiguration">
    <pattern pattern="\btodo\b.*" />
    <pattern pattern="\bfixme\b.*" />
    <pattern icon="important" useCustomColors="true" pattern="\bbug\b.*">
      <option name="FOREGROUND" value="ff3a3f" />
      <option name="FONT_TYPE" value="2" />
    </pattern>
    <pattern icon="default" useCustomColors="true" pattern="\binfo\b.*">
      <option name="FOREGROUND" value="42ff32" />
      <option name="FONT_TYPE" value="2" />
    </pattern>
  </component>
</application>