<application>
  <component name="SshConfigs">
    <configs>
      <sshConfig host="Swarm-Manager" id="f2ff1d45-c93d-4cc6-9630-91031cc728c0" keyPath="$USER_HOME$/.ssh/ed25519_swarm.pem" port="22" nameFormat="DESCRIPTIVE" username="manager" useOpenSSHConfig="true" />
      <sshConfig host="13.81.37.29" id="60c11d87-b0bc-4eff-8cf0-2b3d7d56bd4f" keyPath="$USER_HOME$/.ssh/ed25519_swarm.pem" port="22" nameFormat="DESCRIPTIVE" username="manager" useOpenSSHConfig="true" />
      <sshConfig host="swarm" id="4dcdfc42-12fe-48f4-933d-a85ae0dd4a7a" keyPath="$USER_HOME$/.ssh/swarm_key" port="22" nameFormat="DESCRIPTIVE" username="manager" useOpenSSHConfig="true" />
      <sshConfig host="192.168.241.136" id="374c6e2e-b4e4-45ff-9152-346eab6b353a" keyPath="$USER_HOME$/.ssh/swarm_key" port="22" nameFormat="DESCRIPTIVE" username="manager" useOpenSSHConfig="true" />
    </configs>
  </component>
</application>