<application>
  <component name="Trusted.Paths">
    <option name="TRUSTED_PROJECT_PATHS">
      <map>
        <entry key="$USER_HOME$/synthesis/go" value="true" />
        <entry key="$USER_HOME$/ulb/rainbow" value="true" />
        <entry key="$USER_HOME$/ulb/rainbowAttack" value="true" />
      </map>
    </option>
  </component>
  <component name="Trusted.Paths.Settings">
    <option name="TRUSTED_PATHS">
      <list>
        <option value="$USER_HOME$/ulb" />
        <option value="$USER_HOME$/synthesis" />
      </list>
    </option>
  </component>
</application>