<application>
  <component name="DimensionService">
    <size key="GridCell.Tab.0.left.0.1050.1920.1080" width="1806" height="294" />
    <size key="GridCell.Tab.0.center.0.1050.1920.1080" width="1806" height="294" />
    <size key="GridCell.Tab.0.right.0.1050.1920.1080" width="1806" height="294" />
    <size key="GridCell.Tab.0.bottom.0.1050.1920.1080" width="1806" height="294" />
    <size key="GridCell.Tab.0.left.0.1080.1920.1080" width="1294" height="323" />
    <size key="GridCell.Tab.0.center.0.1080.1920.1080" width="1294" height="323" />
    <size key="GridCell.Tab.0.right.0.1080.1920.1080" width="1294" height="323" />
    <size key="GridCell.Tab.0.bottom.0.1080.1920.1080" width="1294" height="323" />
    <size key="GridCell.Tab.0.left.0.0.1920.1080" width="1120" height="315" />
    <size key="GridCell.Tab.0.center.0.0.1920.1080" width="1120" height="315" />
    <size key="GridCell.Tab.0.right.0.0.1920.1080" width="1120" height="315" />
    <size key="GridCell.Tab.0.bottom.0.0.1920.1080" width="1120" height="315" />
  </component>
  <component name="WindowManager">
    <frame x="964" y="1112" width="944" height="1036" />
  </component>
  <component name="WindowStateApplicationService">
    <state x="325" y="1401" key="FileChooserDialogImpl" timestamp="1736874652991">
      <screen x="0" y="1080" width="1920" height="1080" />
    </state>
    <state x="325" y="1401" key="FileChooserDialogImpl/0.1080.1920.1080/0.0.1920.1080" timestamp="1736874652991" />
    <state x="537" y="1892" width="1059" height="512" key="WELCOME_SCREEN" timestamp="1736874654993">
      <screen x="0" y="1080" width="1920" height="1080" />
    </state>
    <state x="537" y="1892" width="1059" height="512" key="WELCOME_SCREEN/0.1080.1920.1080/0.0.1920.1080" timestamp="1736874654993" />
  </component>
</application>